<?xml version="1.0" encoding="UTF-8"?>
<!DOCTYPE hibernate-configuration PUBLIC
		"-//Hibernate/Hibernate Configuration DTD 3.0//EN"
		"http://www.hibernate.org/dtd/hibernate-configuration-3.0.dtd">
<hibernate-configuration>
    <session-factory>
        <property name="hibernate.connection.driver_class">com.mysql.cj.jdbc.Driver</property>
        <property name="hibernate.connection.password">92814603</property>
        <property name="hibernate.connection.url">jdbc:mysql://localhost:3306/mydb_phase2</property>
        <property name="hibernate.connection.username">root</property>
        
        <property name="hibernate.c3p0.min_size">5</property>
        <property name="hibernate.c3p0.max_size">20</property>
        <property name="hibernate.c3p0.timeout">300</property>
        <property name="hibernate.c3p0.max_statements">50</property>
        <property name="hibernate.c3p0.idle_test_period">3000</property>
        
        <property name="hibernate.dialect">org.hibernate.dialect.MySQLDialect</property>
        
        <property name="hibernate.current_session_context_class">thread</property>

        <!-- Log SQL statements -->
        <property name="hibernate.show_sql">true</property>
        <property name="hibernate.format_sql">true</property>

        <!-- Log4j configuration -->
        <property name="hibernate.jdbc.batch_size">30</property>
        <property name="hibernate.order_inserts">true</property>
        <property name="hibernate.order_updates">true</property>
        <property name="hibernate.order_deletes">true</property>
    </session-factory>
</hibernate-configuration>
