<!DOCTYPE hibernate-mapping PUBLIC "-//Hibernate/Hibernate Mapping DTD 3.0//EN"
    "http://hibernate.sourceforge.net/hibernate-mapping-3.0.dtd">
<hibernate-mapping>
    <class name="com.example.model.Employee" table="employee">
        <id name="id" column="employee_id">
            <generator class="native"/>
        </id>
        <property name="name" column="employee_name"/>

        <!-- Mapping List (ordered) -->
        <list name="phoneNumbers" table="employee_phones" cascade="all">
            <key column="employee_id"/>
            <index column="phone_index"/>
            <element type="string" column="phone_number"/>
        </list>

        <!-- Mapping Set -->
        <set name="emails" table="employee_emails" cascade="all">
            <key column="employee_id"/>
            <element type="string" column="email_address"/>
        </set>

        <!-- Mapping Map -->
        <map name="attributes" table="employee_attributes" cascade="all">
            <key column="employee_id"/>
            <index column="attribute_key" type="string"/>
            <element column="attribute_value" type="string"/>
        </map>
    </class>
</hibernate-mapping>
